{
  "assetsByChunkName": {
    "vendors~app-account~app-confirmation~app-order": "chunk.2928138f32bb21801ed8.js",
    "vendors~app-account~app-checkout": "chunk.13e8be9ea97019861479.js",
    "vendors~app-cart~app-checkout": "chunk.df55c1488c2a31ab3e56.js",
    "admin": [
      "admin.5ce3b1d3bbcf42b0cda0.js",
      "admin.5ce3b1d3bbcf42b0cda0.js.map"
    ],
    "app-account": "chunk.e92edba8d6e20e5b7859.js",
    "app-cart": "chunk.293a7611a0abd6ad35b0.js",
    "app-checkout": "chunk.9c5f2518cbea425041f2.js",
    "app-confirmation": "chunk.a60f6a5781cca3a290dd.js",
    "app-order": "chunk.da672eedbf310e214362.js",
    "checkout": [
      "checkout.b27b21e022e9ec35bb99.js",
      "checkout.b27b21e022e9ec35bb99.js.map"
    ],
    "storefront": [
      "storefront.6e52522ad6baaccbac87.css",
      "storefront.1248f9f39485f3777fd7.js",
      "storefront.6e52522ad6baaccbac87.css.map",
      "storefront.1248f9f39485f3777fd7.js.map"
    ],
    "vendors~app-cart": "chunk.e2d5a069bd0735c71aa3.js",
    "vendors~app-checkout": "chunk.1917937edac382b24485.js"
  }
}