{
  "title": "Contato",
  "meta_title": "Contato",
  "meta_description": "Contato",
  "body": "<!--StartFragment-->\n\n**LE ANDRADE**\n\n* **Endereço:** Rua Magnópolis, 2905\n\n  Colorado Do Oeste - RO - CEP: 76993-000\n* **Tel:** (69) 98482-6968\n* **E-mail:** lojaleandrade@hotmail.com\n\n**HORÁRIO DE FUNCIONAMENTO**\n\n* ***Segunda a Sexta***\n\n  08:00 às 12:00 -- 14:00 às 18:00\n* ***Sábado***\n\n  08:00 às 12:00\n\n<!--EndFragment-->\n\n**MAPA**\n\n<iframe width=\"350\" height=\"442\" frameborder=\"0\" scrolling=\"no\" marginheight=\"0\" marginwidth=\"0\" id=\"gmap_canvas\" src=\"https://maps.google.com/maps?width=550&height=442&hl=en&q=Le%20Andrade%20Colorado%20Do%20Oeste+(Loja%20Le%20Andrade)&t=p&z=16&ie=UTF8&iwloc=B&output=embed\"></iframe> <a href='https://www.symptoma.pt/pt/info/covid-19#info'>Informações Covid-19</a> <script type='text/javascript' src='https://embedmaps.com/google-maps-authorization/script.js?id=5417845c8c1976609d65a4a6278ab10748f55bd0'></script>",
  "sections": []
}