{
  "meta_title": "Le Andrade | Loja De Roupas | Rondônia",
  "meta_description": "A empresa foi criada visando o diferencial de looks com qualidade para proporcionar o bem-estar e a satisfação da mulher.",
  "sections": [
    {
      "type": "banner-slider",
      "autoplay": 2000,
      "slides": [
        {
          "start": "",
          "end": "",
          "img": "/img/uploads/bannerloja7.webp"
        },
        {
          "start": "",
          "end": "",
          "img": "/img/uploads/banner_frete_br-3-.webp"
        },
        {
          "start": "",
          "end": "",
          "img": "/img/uploads/bannerloja5-2-.webp"
        },
        {
          "start": "",
          "end": "",
          "img": "/img/uploads/banner_frete_ro-1-.webp"
        },
        {
          "start": "",
          "end": "",
          "img": "/img/uploads/bannerofertas2.webp",
          "link": "/ofertas"
        },
        {
          "start": "",
          "end": "",
          "img": "/img/uploads/capanovasite.webp"
        }
      ]
    },
    {
      "type": "responsive-banner",
      "mobile_img": "/img/uploads/barra-info1.gif",
      "img": "/img/uploads/barra-infoweb.gif"
    },
    {
      "type": "collection-shelf",
      "shuffle": true,
      "limit": "",
      "page": 1,
      "collection_id": null,
      "headless": false,
      "title": "LOOKS MAIS VISUALIZADOS"
    },
    {
      "type": "banners-grid",
      "banners": [
        {
          "img": "/img/uploads/bodyweb.webp",
          "alt": "BODY",
          "link": "https://leandrade.netlify.app/body",
          "mobile_img": "/img/uploads/body.webp"
        },
        {
          "img": "/img/uploads/croppedweb.webp",
          "alt": "CROPPED",
          "link": "https://leandrade.netlify.app/cropped",
          "mobile_img": "/img/uploads/cropped.webp"
        }
      ]
    },
    {
      "type": "collection-shelf",
      "shuffle": true,
      "limit": "",
      "page": 1,
      "collection_id": "60ba32129c7cb4299aa23fb7:categories:BLUSAS:/blusas"
    },
    {
      "type": "collection-shelf",
      "shuffle": false,
      "limit": "",
      "page": 1,
      "collection_id": "60ba3bcb9c7cb4299aa24850:categories:BOLSAS:/bolsas",
      "sort": "views"
    },
    {
      "type": "collection-shelf",
      "shuffle": true,
      "limit": "",
      "page": 1,
      "collection_id": "60ba3c7c9c7cb4299aa2490a:categories:CALÇAS:/calcas"
    },
    {
      "type": "collection-shelf",
      "shuffle": false,
      "limit": "",
      "page": 1,
      "collection_id": "6047bf3f6d50911b60598ac7:categories:CONJUNTOS:/conjuntos"
    },
    {
      "type": "collection-shelf",
      "shuffle": false,
      "limit": "",
      "page": 1,
      "collection_id": "60e76e24f8aba90b3a135141:categories:INVERNO:/inverno"
    },
    {
      "type": "collection-shelf",
      "shuffle": false,
      "limit": "",
      "page": 1,
      "collection_id": "60ba3c8f9c7cb4299aa2491c:categories:MACACÕES:/macacoes",
      "sort": "views"
    },
    {
      "type": "collection-shelf",
      "shuffle": false,
      "limit": "",
      "page": 1,
      "collection_id": "60ba3ca09c7cb4299aa24926:categories:SAIAS:/saias"
    },
    {
      "type": "collection-shelf",
      "shuffle": false,
      "limit": "",
      "page": 1,
      "collection_id": "60ba3ca79c7cb4299aa2492b:categories:SHORTS:/shorts"
    },
    {
      "type": "collection-shelf",
      "shuffle": false,
      "limit": "",
      "page": 1,
      "collection_id": "60ba3cb39c7cb4299aa24934:categories:VESTIDOS:/vestidos"
    },
    {
      "type": "collection-shelf",
      "shuffle": false,
      "limit": "",
      "page": 1,
      "collection_id": "60e76e00f8aba90b3a13511a:categories:OFERTAS:/ofertas"
    },
    {
      "type": "page-title"
    }
  ]
}